,,,,,,,,,,,,,,,,,,,,,,,,,,,,開始日,2018/4/1,2018/7/19,2018/9/1,2018/7/26,2018/8/8,
,,,,,,,,,,,,,,,,,,,,,,,,,,,,終了日,2018/7/18,2018/7/25,2018/9/13,2018/8/15,2018/8/15,
,,,,,,,,,,,,,,,,,,,,,,,,,,,,開始日,2018/9/14,,,2018/8/16,,
,,,,,,,,,,,,,,,,,,,,,,,,,,,,終了日,2018/11/30,,,2018/8/31,,
,,,,,,,,,,,,,,,,,,,,,,,,,,,,開始日,,,,,,
,,,,,,,,,,,,,,,,,,,,,,,,,,,,終了日,,,,,,
,,AT卒業日,MT卒業日,限定割,夏特,春得,ゴールド,プラチナ,年末一時帰宅,特割,特割I・II,特割II,学生特割／特割,学生特割,シングル特割,曜日限定シングル特割,自炊シングル特割・シングル特割,曜日限定特割,シングルオフ特,限定割／特割,一時帰宅（一時帰宅交通費支給）,一時帰宅（一時帰宅交通費自己負担）,二輪同時特割,オフ特,,,,,水色,オレンジ,緑,ピンク,紫,黄色
2018/4/1,日,,,,,,,,,,,,,,,,,,,,,,,,,,,,,,,,,
2018/4/2,月,2018/4/24,,,,,,,,,,,,,,,,,,,,,,,,,,,●,,,,,
2018/4/3,火,,2018/4/26,,,,,,,,,,,,,,,,,,,,,,,,,,●,,,,,
2018/4/4,水,2018/4/26,,,,,,,,,,,,,,,,,,,,,,,,,,,●,,,,,
2018/4/5,木,,,,,,,,,,,,,,,,,,,,,,,,,,,,,,,,,
2018/4/6,金,,,,,,,,,,,,,,,,,,,,,,,,,,,,,,,,,
2018/4/7,土,,2018/4/30,,,,,,,,,,,,,,,,,,,,,,,,,,●,,,,,
2018/4/8,日,,,,,,,,,,,,,,,,,,,,,,,,,,,,,,,,,
2018/4/9,月,2018/5/1,,,,,,,,,,,,,,,,,,,,,,,,,,,●,,,,,
2018/4/10,火,,2018/5/3,,,,,,,,,,,,,,,,,,,,,,,,,,●,,,,,
2018/4/11,水,2018/5/3,,,,,,,,,,,,,,,,,,,,,,,,,,,●,,,,,
2018/4/12,木,,,,,,,,,,,,,,,,,,,,,,,,,,,,,,,,,
2018/4/13,金,,,,,,,,,,,,,,,,,,,,,,,,,,,,,,,,,
2018/4/14,土,,2018/5/7,,,,,,,,,,,,,,,,,,,,,,,,,,●,,,,,
2018/4/15,日,,,,,,,,,,,,,,,,,,,,,,,,,,,,,,,,,
2018/4/16,月,2018/5/8,,,,,,,,,,,,,,,,,,,,,,,,,,,●,,,,,
2018/4/17,火,,2018/5/10,,,,,,,,,,,,,,,,,,,,,,,,,,●,,,,,
2018/4/18,水,2018/5/10,,,,,,,,,,,,,,,,,,,,,,,,,,,●,,,,,
2018/4/19,木,,,,,,,,,,,,,,,,,,,,,,,,,,,,,,,,,
2018/4/20,金,,,,,,,,,,,,,,,,,,,,,,,,,,,,,,,,,
2018/4/21,土,,2018/5/14,,,,,,,,,,,,,,,,,,,,,,,,,,●,,,,,
2018/4/22,日,,,,,,,,,,,,,,,,,,,,,,,,,,,,,,,,,
2018/4/23,月,2018/5/15,,,,,,,,,,,,,,,,,,,,,,,,,,,●,,,,,
2018/4/24,火,,2018/5/17,,,,,,,,,,,,,,,,,,,,,,,,,,●,,,,,
2018/4/25,水,2018/5/17,,,,,,,,,,,,,,,,,,,,,,,,,,,●,,,,,
2018/4/26,木,,,,,,,,,,,,,,,,,,,,,,,,,,,,,,,,,
2018/4/27,金,,,,,,,,,,,,,,,,,,,,,,,,,,,,,,,,,
2018/4/28,土,,2018/5/21,,,,,,,,,,,,,,,,,,,,,,,,,,●,,,,,
2018/4/29,日,,,,,,,,,,,,,,,,,,,,,,,,,,,,,,,,,
2018/4/30,月,2018/5/22,,,,,,,,,,,,,,,,,,,,,,,,,,,●,,,,,
2018/5/1,火,,2018/5/24,,,,,,,,,,,,,,,,,,,,,,,,,,●,,,,,
2018/5/2,水,2018/5/24,,,,,,,,,,,,,,,,,,,,,,,,,,,●,,,,,
2018/5/3,木,,,,,,,,,,,,,,,,,,,,,,,,,,,,,,,,,
2018/5/4,金,,,,,,,,,,,,,,,,,,,,,,,,,,,,,,,,,
2018/5/5,土,,2018/5/28,,,,,,,,,,,,,,,,,,,,,,,,,,●,,,,,
2018/5/6,日,,,,,,,,,,,,,,,,,,,,,,,,,,,,,,,,,
2018/5/7,月,2018/5/29,,,,,,,,,,,,,,,,,,,,,,,,,,,●,,,,,
2018/5/8,火,,2018/5/31,,,,,,,,,,,,,,,,,,,,,,,,,,●,,,,,
2018/5/9,水,2018/5/31,,,,,,,,,,,,,,,,,,,,,,,,,,,●,,,,,
2018/5/10,木,,,,,,,,,,,,,,,,,,,,,,,,,,,,,,,,,
2018/5/11,金,,,,,,,,,,,,,,,,,,,,,,,,,,,,,,,,,
2018/5/12,土,,2018/6/4,,,,,,,,,,,,,,,,,,,,,,,,,,●,,,,,
2018/5/13,日,,,,,,,,,,,,,,,,,,,,,,,,,,,,,,,,,
2018/5/14,月,2018/6/5,,,,,,,,,,,,,,,,,,,,,,,,,,,●,,,,,
2018/5/15,火,,2018/6/7,,,,,,,,,,,,,,,,,,,,,,,,,,●,,,,,
2018/5/16,水,2018/6/7,,,,,,,,,,,,,,,,,,,,,,,,,,,●,,,,,
2018/5/17,木,,,,,,,,,,,,,,,,,,,,,,,,,,,,,,,,,
2018/5/18,金,,,,,,,,,,,,,,,,,,,,,,,,,,,,,,,,,
2018/5/19,土,,2018/6/11,,,,,,,,,,,,,,,,,,,,,,,,,,●,,,,,
2018/5/20,日,,,,,,,,,,,,,,,,,,,,,,,,,,,,,,,,,
2018/5/21,月,2018/6/12,,,,,,,,,,,,,,,,,,,,,,,,,,,●,,,,,
2018/5/22,火,,2018/6/14,,,,,,,,,,,,,,,,,,,,,,,,,,●,,,,,
2018/5/23,水,2018/6/14,,,,,,,,,,,,,,,,,,,,,,,,,,,●,,,,,
2018/5/24,木,,,,,,,,,,,,,,,,,,,,,,,,,,,,,,,,,
2018/5/25,金,,,,,,,,,,,,,,,,,,,,,,,,,,,,,,,,,
2018/5/26,土,,2018/6/18,,,,,,,,,,,,,,,,,,,,,,,,,,●,,,,,
2018/5/27,日,,,,,,,,,,,,,,,,,,,,,,,,,,,,,,,,,
2018/5/28,月,2018/6/19,,,,,,,,,,,,,,,,,,,,,,,,,,,●,,,,,
2018/5/29,火,,2018/6/21,,,,,,,,,,,,,,,,,,,,,,,,,,●,,,,,
2018/5/30,水,2018/6/21,,,,,,,,,,,,,,,,,,,,,,,,,,,●,,,,,
2018/5/31,木,,,,,,,,,,,,,,,,,,,,,,,,,,,,,,,,,
2018/6/1,金,,,,,,,,,,,,,,,,,,,,,,,,,,,,,,,,,
2018/6/2,土,,2018/6/25,,,,,,,,,,,,,,,,,,,,,,,,,,●,,,,,
2018/6/3,日,,,,,,,,,,,,,,,,,,,,,,,,,,,,,,,,,
2018/6/4,月,2018/6/26,,,,,,,,,,,,,,,,,,,,,,,,,,,●,,,,,
2018/6/5,火,,2018/6/28,,,,,,,,,,,,,,,,,,,,,,,,,,●,,,,,
2018/6/6,水,2018/6/28,,,,,,,,,,,,,,,,,,,,,,,,,,,●,,,,,
2018/6/7,木,,,,,,,,,,,,,,,,,,,,,,,,,,,,,,,,,
2018/6/8,金,,,,,,,,,,,,,,,,,,,,,,,,,,,,,,,,,
2018/6/9,土,,2018/7/2,,,,,,,,,,,,,,,,,,,,,,,,,,●,,,,,
2018/6/10,日,,,,,,,,,,,,,,,,,,,,,,,,,,,,,,,,,
2018/6/11,月,2018/7/3,,,,,,,,,,,,,,,,,,,,,,,,,,,●,,,,,
2018/6/12,火,,2018/7/5,,,,,,,,,,,,,,,,,,,,,,,,,,●,,,,,
2018/6/13,水,2018/7/5,,,,,,,,,,,,,,,,,,,,,,,,,,,●,,,,,
2018/6/14,木,,,,,,,,,,,,,,,,,,,,,,,,,,,,,,,,,
2018/6/15,金,,,,,,,,,,,,,,,,,,,,,,,,,,,,,,,,,
2018/6/16,土,,2018/7/9,,,,,,,,,,,,,,,,,,,,,,,,,,●,,,,,
2018/6/17,日,,,,,,,,,,,,,,,,,,,,,,,,,,,,,,,,,
2018/6/18,月,2018/7/10,,,,,,,,,,,,,,,,,,,,,,,,,,,●,,,,,
2018/6/19,火,,2018/7/12,,,,,,,,,,,,,,,,,,,,,,,,,,●,,,,,
2018/6/20,水,2018/7/12,,,,,,,,,,,,,,,,,,,,,,,,,,,●,,,,,
2018/6/21,木,,,,,,,,,,,,,,,,,,,,,,,,,,,,,,,,,
2018/6/22,金,,,,,,,,,,,,,,,,,,,,,,,,,,,,,,,,,
2018/6/23,土,,2018/7/16,,,,,,,,,,,,,,,,,,,,,,,,,,●,,,,,
2018/6/24,日,,,,,,,,,,,,,,,,,,,,,,,,,,,,,,,,,
2018/6/25,月,2018/7/17,,,,,,,,,,,,,,,,,,,,,,,,,,,●,,,,,
2018/6/26,火,,2018/7/19,,,,,,,,,,,,,,,,,,,,,,,,,,●,,,,,
2018/6/27,水,2018/7/19,,,,,,,,,,,,,,,,,,,,,,,,,,,●,,,,,
2018/6/28,木,,,,,,,,,,,,,,,,,,,,,,,,,,,,,,,,,
2018/6/29,金,,,,,,,,,,,,,,,,,,,,,,,,,,,,,,,,,
2018/6/30,土,,2018/7/23,,,,,,,,,,,,,,,,,,,,,,,,,,●,,,,,
2018/7/1,日,,,,,,,,,,,,,,,,,,,,,,,,,,,,,,,,,
2018/7/2,月,2018/7/24,,,,,,,,,,,,,,,,,,,,,,,,,,,●,,,,,
2018/7/3,火,,2018/7/26,,,,,,,,,,,,,,,,,,,,,,,,,,●,,,,,
2018/7/4,水,2018/7/26,,,,,,,,,,,,,,,,,,,,,,,,,,,●,,,,,
2018/7/5,木,,,,,,,,,,,,,,,,,,,,,,,,,,,,,,,,,
2018/7/6,金,,,,,,,,,,,,,,,,,,,,,,,,,,,,,,,,,
2018/7/7,土,,2018/7/30,,,,,,,,,,,,,,,,,,,,,,,,,,●,,,,,
2018/7/8,日,,,,,,,,,,,,,,,,,,,,,,,,,,,,,,,,,
2018/7/9,月,2018/7/31,,,,,,,,,,,,,,,,,,,,,,,,,,,●,,,,,
2018/7/10,火,,2018/8/2,,,,,,,,,,,,,,,,,,,,,,,,,,●,,,,,
2018/7/11,水,2018/8/2,,,,,,,,,,,,,,,,,,,,,,,,,,,●,,,,,
2018/7/12,木,,,,,,,,,,,,,,,,,,,,,,,,,,,,,,,,,
2018/7/13,金,,,,,,,,,,,,,,,,,,,,,,,,,,,,,,,,,
2018/7/14,土,,2018/8/6,,,,,,,,,,,,,,,,,,,,,,,,,,●,,,,,
2018/7/15,日,,,,,,,,,,,,,,,,,,,,,,,,,,,,,,,,,
2018/7/16,月,2018/8/7,,,,,,,,,,,,,,,,,,,,,,,,,,,●,,,,,
2018/7/17,火,,2018/8/9,,,,,,,,,,,,,,,,,,,,,,,,,,●,,,,,
2018/7/18,水,2018/8/9,,,,,,,,,,,,,,,,,,,,,,,,,,,●,,,,,
2018/7/19,木,,,,,,,,,,,,,,,,,,,,,,,,,,,,,,,,,
2018/7/20,金,,,,,,,,,,,,,,,,,,,,,,,,,,,,,,,,,
2018/7/21,土,,2018/8/13,,,,,,,,,,,,,,,,,,,,,,,,,,,●,,,,
2018/7/22,日,,,,,,,,,,,,,,,,,,,,,,,,,,,,,,,,,
2018/7/23,月,2018/8/14,,,,,,,,,,,,,,,,,,,,,,,,,,,,●,,,,
2018/7/24,火,,2018/8/16,,,,,,,,,,,,,,,,,,,,,,,,,,,●,,,,
2018/7/25,水,2018/8/16,,,,,,,,,,,,,,,,,,,,,,,,,,,,●,,,,
2018/7/26,木,,,,,,,,,,,,,,,,,,,,,,,,,,,,,,,,,
2018/7/27,金,,,,,,,,,,,,,,,,,,,,,,,,,,,,,,,,,
2018/7/28,土,,2018/8/20,,,,,,,,,,,,,,,,,,,,,,,,,,,,,●,,
2018/7/29,日,,,,,,,,,,,,,,,,,,,,,,,,,,,,,,,,,
2018/7/30,月,2018/8/21,,,,,,,,,,,,,,,,,,,,,,,,,,,,,,●,,
2018/7/31,火,,2018/8/23,,,,,,,,,,,,,,,,,,,,,,,,,,,,,●,,
2018/8/1,水,2018/8/23,,,,,,,,,,,,,,,,,,,,,,,,,,,,,,●,,
2018/8/2,木,,,,,,,,,,,,,,,,,,,,,,,,,,,,,,,,,
2018/8/3,金,,,,,,,,,,,,,,,,,,,,,,,,,,,,,,,,,
2018/8/4,土,,2018/8/27,,,,,,,,,,,,,,,,,,,,,,,,,,,,,●,,
2018/8/5,日,,,,,,,,,,,,,,,,,,,,,,,,,,,,,,,,,
2018/8/6,月,2018/8/28,,,,,,,,,,,,,,,,,,,,,,,,,,,,,,●,,
2018/8/7,火,,2018/8/30,,,,,,,,,,,,,,,,,,,,,,,,,,,,,●,,
2018/8/8,水,2018/8/30,,,,,,,,,,,,,,,,,,,,,,,,,,,,,,●,●,
2018/8/9,木,,,,,,,,,,,,,,,,,,,,,,,,,,,,,,,,,
2018/8/10,金,,,,,,,,,,,,,,,,,,,,,,,,,,,,,,,,,
2018/8/11,土,,2018/9/3,,,,,,,,,,,,,,,,,,,,,,,,,,,,,●,●,
2018/8/12,日,,,,,,,,,,,,,,,,,,,,,,,,,,,,,,,,,
2018/8/13,月,2018/9/4,,,,,,,,,,,,,,,,,,,,,,,,,,,,,,●,●,
2018/8/14,火,,2018/9/6,,,,,,,,,,,,,,,,,,,,,,,,,,,,,●,●,
2018/8/15,水,2018/9/6,,,,,,,,,,,,,,,,,,,,,,,,,,,,,,●,●,
2018/8/16,木,,,,,,,,,,,,,,,,,,,,,,,,,,,,,,,,,
2018/8/17,金,,,,,,,,,,,,,,,,,,,,,,,,,,,,,,,,,
2018/8/18,土,,2018/9/10,,,,,,,,,,,,,,,,,,,,,,,,,,,,,●,,
2018/8/19,日,,,,,,,,,,,,,,,,,,,,,,,,,,,,,,,,,
2018/8/20,月,2018/9/11,,,,,,,,,,,,,,,,,,,,,,,,,,,,,,●,,
2018/8/21,火,,2018/9/13,,,,,,,,,,,,,,,,,,,,,,,,,,,,,●,,
2018/8/22,水,2018/9/13,,,,,,,,,,,,,,,,,,,,,,,,,,,,,,●,,
2018/8/23,木,,,,,,,,,,,,,,,,,,,,,,,,,,,,,,,,,
2018/8/24,金,,,,,,,,,,,,,,,,,,,,,,,,,,,,,,,,,
2018/8/25,土,,2018/9/17,,,,,,,,,,,,,,,,,,,,,,,,,,,,,●,,
2018/8/26,日,,,,,,,,,,,,,,,,,,,,,,,,,,,,,,,,,
2018/8/27,月,2018/9/18,,,,,,,,,,,,,,,,,,,,,,,,,,,,,,●,,
2018/8/28,火,,2018/9/20,,,,,,,,,,,,,,,,,,,,,,,,,,,,,●,,
2018/8/29,水,2018/9/20,,,,,,,,,,,,,,,,,,,,,,,,,,,,,,●,,
2018/8/30,木,,,,,,,,,,,,,,,,,,,,,,,,,,,,,,,,,
2018/8/31,金,,,,,,,,,,,,,,,,,,,,,,,,,,,,,,,,,
2018/9/1,土,,2018/9/24,,,,,,,,,,,,,,,,,,,,,,,,,,,,●,,,
2018/9/2,日,,,,,,,,,,,,,,,,,,,,,,,,,,,,,,,,,
2018/9/3,月,2018/9/25,,,,,,,,,,,,,,,,,,,,,,,,,,,,,●,,,
2018/9/4,火,,2018/9/27,,,,,,,,,,,,,,,,,,,,,,,,,,,,●,,,
2018/9/5,水,2018/9/27,,,,,,,,,,,,,,,,,,,,,,,,,,,,,●,,,
2018/9/6,木,,,,,,,,,,,,,,,,,,,,,,,,,,,,,,,,,
2018/9/7,金,,,,,,,,,,,,,,,,,,,,,,,,,,,,,,,,,
2018/9/8,土,,2018/10/1,,,,,,,,,,,,,,,,,,,,,,,,,,,,●,,,
2018/9/9,日,,,,,,,,,,,,,,,,,,,,,,,,,,,,,,,,,
2018/9/10,月,2018/10/2,,,,,,,,,,,,,,,,,,,,,,,,,,,,,●,,,
2018/9/11,火,,2018/10/4,,,,,,,,,,,,,,,,,,,,,,,,,,,,●,,,
2018/9/12,水,2018/10/4,,,,,,,,,,,,,,,,,,,,,,,,,,,,,●,,,
2018/9/13,木,,,,,,,,,,,,,,,,,,,,,,,,,,,,,,,,,
2018/9/14,金,,,,,,,,,,,,,,,,,,,,,,,,,,,,,,,,,
2018/9/15,土,,2018/10/8,,,,,,,,,,,,,,,,,,,,,,,,,,●,,,,,
2018/9/16,日,,,,,,,,,,,,,,,,,,,,,,,,,,,,,,,,,
2018/9/17,月,2018/10/9,,,,,,,,,,,,,,,,,,,,,,,,,,,●,,,,,
2018/9/18,火,,2018/10/11,,,,,,,,,,,,,,,,,,,,,,,,,,●,,,,,
2018/9/19,水,2018/10/11,,,,,,,,,,,,,,,,,,,,,,,,,,,●,,,,,
2018/9/20,木,,,,,,,,,,,,,,,,,,,,,,,,,,,,,,,,,
2018/9/21,金,,,,,,,,,,,,,,,,,,,,,,,,,,,,,,,,,
2018/9/22,土,,2018/10/15,,,,,,,,,,,,,,,,,,,,,,,,,,●,,,,,
2018/9/23,日,,,,,,,,,,,,,,,,,,,,,,,,,,,,,,,,,
2018/9/24,月,2018/10/16,,,,,,,,,,,,,,,,,,,,,,,,,,,●,,,,,
2018/9/25,火,,2018/10/18,,,,,,,,,,,,,,,,,,,,,,,,,,●,,,,,
2018/9/26,水,2018/10/18,,,,,,,,,,,,,,,,,,,,,,,,,,,●,,,,,
2018/9/27,木,,,,,,,,,,,,,,,,,,,,,,,,,,,,,,,,,
2018/9/28,金,,,,,,,,,,,,,,,,,,,,,,,,,,,,,,,,,
2018/9/29,土,,2018/10/22,,,,,,,,,,,,,,,,,,,,,,,,,,●,,,,,
2018/9/30,日,,,,,,,,,,,,,,,,,,,,,,,,,,,,,,,,,
2018/10/1,月,2018/10/23,,,,,,,,,,,,,,,,,,,,,,,,,,,●,,,,,
2018/10/2,火,,2018/10/25,,,,,,,,,,,,,,,,,,,,,,,,,,●,,,,,
2018/10/3,水,2018/10/25,,,,,,,,,,,,,,,,,,,,,,,,,,,●,,,,,
2018/10/4,木,,,,,,,,,,,,,,,,,,,,,,,,,,,,,,,,,
2018/10/5,金,,,,,,,,,,,,,,,,,,,,,,,,,,,,,,,,,
2018/10/6,土,,2018/10/29,,,,,,,,,,,,,,,,,,,,,,,,,,●,,,,,
2018/10/7,日,,,,,,,,,,,,,,,,,,,,,,,,,,,,,,,,,
2018/10/8,月,2018/10/30,,,,,,,,,,,,,,,,,,,,,,,,,,,●,,,,,
2018/10/9,火,,2018/11/1,,,,,,,,,,,,,,,,,,,,,,,,,,●,,,,,
2018/10/10,水,2018/11/1,,,,,,,,,,,,,,,,,,,,,,,,,,,●,,,,,
2018/10/11,木,,,,,,,,,,,,,,,,,,,,,,,,,,,,,,,,,
2018/10/12,金,,,,,,,,,,,,,,,,,,,,,,,,,,,,,,,,,
2018/10/13,土,,2018/11/5,,,,,,,,,,,,,,,,,,,,,,,,,,●,,,,,
2018/10/14,日,,,,,,,,,,,,,,,,,,,,,,,,,,,,,,,,,
2018/10/15,月,2018/11/6,,,,,,,,,,,,,,,,,,,,,,,,,,,●,,,,,
2018/10/16,火,,2018/11/8,,,,,,,,,,,,,,,,,,,,,,,,,,●,,,,,
2018/10/17,水,2018/11/8,,,,,,,,,,,,,,,,,,,,,,,,,,,●,,,,,
2018/10/18,木,,,,,,,,,,,,,,,,,,,,,,,,,,,,,,,,,
2018/10/19,金,,,,,,,,,,,,,,,,,,,,,,,,,,,,,,,,,
2018/10/20,土,,2018/11/12,,,,,,,,,,,,,,,,,,,,,,,,,,●,,,,,
2018/10/21,日,,,,,,,,,,,,,,,,,,,,,,,,,,,,,,,,,
2018/10/22,月,2018/11/13,,,,,,,,,,,,,,,,,,,,,,,,,,,●,,,,,
2018/10/23,火,,2018/11/15,,,,,,,,,,,,,,,,,,,,,,,,,,●,,,,,
2018/10/24,水,2018/11/15,,,,,,,,,,,,,,,,,,,,,,,,,,,●,,,,,
2018/10/25,木,,,,,,,,,,,,,,,,,,,,,,,,,,,,,,,,,
2018/10/26,金,,,,,,,,,,,,,,,,,,,,,,,,,,,,,,,,,
2018/10/27,土,,2018/11/19,,,,,,,,,,,,,,,,,,,,,,,,,,●,,,,,
2018/10/28,日,,,,,,,,,,,,,,,,,,,,,,,,,,,,,,,,,
2018/10/29,月,2018/11/20,,,,,,,,,,,,,,,,,,,,,,,,,,,●,,,,,
2018/10/30,火,,2018/11/22,,,,,,,,,,,,,,,,,,,,,,,,,,●,,,,,
2018/10/31,水,2018/11/22,,,,,,,,,,,,,,,,,,,,,,,,,,,●,,,,,
2018/11/1,木,,,,,,,,,,,,,,,,,,,,,,,,,,,,,,,,,
2018/11/2,金,,,,,,,,,,,,,,,,,,,,,,,,,,,,,,,,,
2018/11/3,土,,2018/11/26,,,,,,,,,,,,,,,,,,,,,,,,,,●,,,,,
2018/11/4,日,,,,,,,,,,,,,,,,,,,,,,,,,,,,,,,,,
2018/11/5,月,2018/11/27,,,,,,,,,,,,,,,,,,,,,,,,,,,●,,,,,
2018/11/6,火,,2018/11/29,,,,,,,,,,,,,,,,,,,,,,,,,,●,,,,,
2018/11/7,水,2018/11/29,,,,,,,,,,,,,,,,,,,,,,,,,,,●,,,,,
2018/11/8,木,,,,,,,,,,,,,,,,,,,,,,,,,,,,,,,,,
2018/11/9,金,,,,,,,,,,,,,,,,,,,,,,,,,,,,,,,,,
2018/11/10,土,,2018/12/3,,,,,,,,,,,,,,,,,,,,,,,,,,●,,,,,
2018/11/11,日,,,,,,,,,,,,,,,,,,,,,,,,,,,,,,,,,
2018/11/12,月,2018/12/4,,,,,,,,,,,,,,,,,,,,,,,,,,,●,,,,,
2018/11/13,火,,2018/12/6,,,,,,,,,,,,,,,,,,,,,,,,,,●,,,,,
2018/11/14,水,2018/12/6,,,,,,,,,,,,,,,,,,,,,,,,,,,●,,,,,
2018/11/15,木,,,,,,,,,,,,,,,,,,,,,,,,,,,,,,,,,
2018/11/16,金,,,,,,,,,,,,,,,,,,,,,,,,,,,,,,,,,
2018/11/17,土,,2018/12/10,,,,,,,,,,,,,,,,,,,,,,,,,,●,,,,,
2018/11/18,日,,,,,,,,,,,,,,,,,,,,,,,,,,,,,,,,,
2018/11/19,月,2018/12/11,,,,,,,,,,,,,,,,,,,,,,,,,,,●,,,,,
2018/11/20,火,,2018/12/13,,,,,,,,,,,,,,,,,,,,,,,,,,●,,,,,
2018/11/21,水,2018/12/13,,,,,,,,,,,,,,,,,,,,,,,,,,,●,,,,,
2018/11/22,木,,,,,,,,,,,,,,,,,,,,,,,,,,,,,,,,,
2018/11/23,金,,,,,,,,,,,,,,,,,,,,,,,,,,,,,,,,,
2018/11/24,土,,2018/12/17,,,,,,,,,,,,,,,,,,,,,,,,,,●,,,,,
2018/11/25,日,,,,,,,,,,,,,,,,,,,,,,,,,,,,,,,,,
2018/11/26,月,2018/12/18,,,,,,,,,,,,,,,,,,,,,,,,,,,●,,,,,
2018/11/27,火,,2018/12/20,,,,,,,,,,,,,,,,,,,,,,,,,,●,,,,,
2018/11/28,水,2018/12/20,,,,,,,,,,,,,,,,,,,,,,,,,,,●,,,,,
2018/11/29,木,,,,,,,,,,,,,,,,,,,,,,,,,,,,,,,,,
2018/11/30,金,,,,,,,,,,,,,,,,,,,,,,,,,,,,,,,,,
,,,,,,,,,,,,,,,,,,,,,,,,,,,,,,,,,,